Date,authorName,tweetText,sentiment,BEST_TARGET_PRICE
2019-02-09,Fred Jones-West,Apple Sued Over Not Letting Customers Disable Two Factor Authentication After Two Weeks AAPL,neutral,
2019-02-09,Fred Jones-West,Apple Expands Availability of Refurbished 2018 MacBook Air Mac Mini to U S and Canada AAPL,neutral,
2019-02-09,HotHardware,Longer iPhone Upgrade Cycle Is Now One Of Apple s Biggest SelfInduced Problems via,neutral,
2019-02-09,TradingView Español,AAPL AAPL TradingView,neutral,
2019-02-09,Precision Capital Investments Group,i know people love aapl AAPL chart,positive,
2019-02-09,Chris Hong,Why does Apple AAPL repeatedly push you don t have sufficient space to backup my iPad notifications and suggesti,neutral,
2019-02-09,Parth shanker Upadhyaya,Forex Best profits signals For Free signals join telegram TSLA USO BTC,positive,
2019-02-09,Stock Investor,Should You Buy Apple Stock in February AAPL Apple NASDAQ NYSE DowJones,neutral,
2019-02-09,TheExtraIncome,On Wednesday 30 we have detected new Low High Alert limit for AAPL of 153 167 TradingRange StockPicks Fo,positive,
2019-02-09,CoinCaps.ai,apple s iphone woes are over but are aapl shares really out of the woods instacryptocurrency,positive,
2019-02-09,SWIFT Unlock SWIFTUNLOCK.COM |#1 USA Direct Source,Check February 08 2019 at 09 15PM Still Looking for ALPHA Make 10 in BitCoin roku,neutral,
2019-02-09,Parichay Sidana,Forex Best profits signals For Free signals join telegram USO TSLA AMZN CRON AAPL,positive,
2019-02-09,Griffin Mohsen,Forex Best profits signals For more info Join Telegram FB AMZN forex forexsignals,positive,
2019-02-09,FOREX Sara,Forex Best profits signals Don t miss your chance join telegram USO AAPL FB forex,positive,
2019-02-09,Himani chopra,Forex Best profits signals For Free signals join telegram forexsignals USO TRX,positive,
2019-02-08,Apple Stock Bot,Apple Inc price at close 2019 02 08 is 170 41 apple AAPL,neutral,177.05900000000003
2019-02-08,Tradelogsite,AAPL Open 168 99 Close 170 21 Daily Range 168 42 170 66 Earnings date Apr 29 2019 May 3 2019,neutral,177.05900000000003
2019-02-08,Fred Jones-West,Apple Reportedly Advised Technicians to Push iPhone Upgrades to Customers With Out of Warranty Devices AAPL,neutral,177.05900000000003
2019-02-08,ElliottWaves,All 78 instruments 1 hour charts are updated for members viewing Indices Stocks ETF s,neutral,177.05900000000003
2019-02-08,ElliottWaves,Group 2 instruments 1 hour charts are updated for members viewing ElliottWave ES F NQ F TF F AAPL PA F,neutral,177.05900000000003
2019-02-08,Alcuin Bramerton,USA media Amazon founder JeffBezos claims he is the victim of extortion amp blackmail by NationalEnquirer,negative,177.05900000000003
2019-02-08,Fred Jones-West,MacRumors Giveaway Win a Jackery Portable Power Station Explorer 240 AAPL,positive,177.05900000000003
2019-02-08,Fred Jones-West,Deals Spotlight AT amp T Discounting Apple s Silicone and Leather iPhone Cases to Just 5 AAPL,neutral,177.05900000000003
2019-02-08,ElliottWaves,Group 3 Stocks amp ETF s 1 hour charts are updated for members viewing ElliottWave BTC AAPL XOM BAC AMZN,neutral,177.05900000000003
2019-02-08,Fred Jones-West,Apple Begins Selling Refurbished 2018 MacBook Air and Mac Mini Starting in UK AAPL,neutral,177.05900000000003
2019-02-08,John Taylor,RT USA Technologies USAT 3 40 3 49 50 65 oversold 3 37,neutral,177.05900000000003
2019-02-08,John Taylor,Dow Jones posed for a 50 60 crash soon Crash by Feb 19 2019,neutral,177.05900000000003
2019-02-08,Alcuin Bramerton,UK Fourteen year old Molly Russell killed herself in 2017 Her father Ian Russell blamed the algorithms used b,negative,177.05900000000003
2019-02-08,A. M.,Twitter TWTR may test mid 25s before recovery Looks like it s following Apple AAPL in the last few months,negative,177.05900000000003
2019-02-08,Steve Carr,I said buy aapl at 147 00 a share Steve Magnificent on YouTube,positive,177.05900000000003
2019-02-08,Mike Janes,Teams Up With to Help Prevent Strokes via AAPL,neutral,177.05900000000003
2019-02-08,HotHardware,Apple Confirms Teen Who Discovered GroupFaceTime Bug Will Get Paid A Bounty via FaceTime AAPL,neutral,177.05900000000003
2019-02-08,Modest Returns,Opening up as an Inside day Very little opportunity in the open patience trading DayTrading options stocks,negative,177.05900000000003
2019-02-08,Fred Jones-West,Apple Shares New Memoji Ads Featuring Ariana Grande Khalid and Florida Georgia Line AAPL,positive,177.05900000000003
2019-02-08,HotHardware,Apple Confirms Teen Who Discovered Group FaceTime Bug Will Get Paid A Bounty via,neutral,177.05900000000003
2019-02-08,Ron Giese,RT Giveaway win contest ContestAlert Apple appleNews appleEvent AAPL LetsGoOilers McDavid GoOilersGo,positive,177.05900000000003
2019-02-08,Ron Giese,RT Giveaway win contest ContestAlert Apple appleNews appleEvent AAPL LetsGoOilers McDavid GoOilersGo,positive,177.05900000000003
2019-02-08,Ron Giese,RT Giveaway win contest ContestAlert Apple appleNews appleEvent AAPL FridayMotivation iDrop News is givi,positive,177.05900000000003
2019-02-08,Ron Giese,RT Giveaway win contest ContestAlert Apple appleNews appleEvent AAPL FridayMotivation iDrop News is givi,positive,177.05900000000003
2019-02-08,Fred Jones-West,Texas Software Engineer Daven Morris Also Reported FaceTime Bug to Apple One Day Before it Made Headlines AAPL,neutral,177.05900000000003
2019-02-08,Young Simon,Forex Best profits signals For Free crypto signals BTT fx UNG GLD CRON forex OIL,positive,177.05900000000003
2019-02-08,Fred Jones-West,AT amp T Sued by Sprint for Misleading 5GE Branding AAPL,neutral,177.05900000000003
2019-02-08,Aashraya Yogi,Forex Best profits signals For Free signals join telegram BTC OIL UNG fx TSLA,positive,177.05900000000003
2019-02-08,Fred Jones-West,Google Researchers Say Hackers Exploited Two Zero Day Vulnerabilities Patched in Apple s iOS 12 1 4 Update AAPL,neutral,177.05900000000003
2019-02-08,Nancy Giese,RT ContestAlert giveaway contest sweeps win AI apple appleNews AppleEvent AAPL LetsGoOilers SOTU,positive,177.05900000000003
2019-02-08,Nancy Giese,RT ContestAlert giveaway contest sweeps win AI apple appleNews AppleEvent AAPL LetsGoOilers SOTU,positive,177.05900000000003
2019-02-08,Nancy Giese,RT Giveaway win contest ContestAlert Apple appleNews appleEvent AAPL LetsGoOilers McDavid GoOilersGo,positive,177.05900000000003
2019-02-08,Parth shanker Upadhyaya,Forex Best profits signals For more signals join telegram USO GOOG TSLA CRON OIL,positive,177.05900000000003
2019-02-08,Riyadh Arman Karim,168 MORE LOW AAPL chart via,positive,177.05900000000003
2019-02-08,Parichay Sidana,Forex Best profits signals Free crypto telegram channel join AAPL BTT fx OIL FB,positive,177.05900000000003
2019-02-08,Chris Will,RT Unless BOEING breaks parabolic move amp attempts to fill gap I am sceptical about spy spx es f reversing BA is the,neutral,177.05900000000003
2019-02-08,Modest Returns,Unless BOEING breaks parabolic move amp attempts to fill gap I am sceptical about spy spx es f reversing BA,neutral,177.05900000000003
2019-02-08,Griffin Mohsen,Forex Best profits signals For more info join telegram AMZN forex UNG USO AAPL FB,positive,177.05900000000003
2019-02-08,FOREX Sara,Forex Best profits signals For more info join telegram CRON AAPL TRX BTC UNG FB,positive,177.05900000000003
2019-02-08,Himani chopra,Forex Best profits signals For more info Join Telegram forexsignals TSLA BTT UNG,positive,177.05900000000003
2019-02-08,Fred Jones-West,Popular Weather App Dark Sky Gains Dark Mode AAPL,positive,177.05900000000003
2019-02-08,TradingCoachen,The Value Investor v 6 Rapportspecial Netflix Apple LVMH AAPL NFLX MC b rsen aktier analys,neutral,177.05900000000003
2019-02-08,StockRockandRoll.com™,RT QBIO QBioMed on High Alert ge amd px spy qqq aapl eem pcg amrn sqqq mnga bac xlf f acb chk,positive,177.05900000000003
2019-02-08,CryptoCurrencyAlerts™,RT QBIO QBioMed on High Alert ge amd px spy qqq aapl eem pcg amrn sqqq mnga bac xlf f acb chk,positive,177.05900000000003
2019-02-08,TopMarketGainers™,QBIO QBioMed on High Alert ge amd px spy qqq aapl eem pcg amrn sqqq mnga bac xlf f acb,positive,177.05900000000003
2019-02-08,SWIFT Unlock SWIFTUNLOCK.COM |#1 USA Direct Source,Check February 07 2019 at 09 15PM Still Looking for ALPHA Make 10 in BitCoin roku,neutral,177.05900000000003
2019-02-08,Fred Jones-West,Apple CEO Tim Cook to Deliver Commencement Speech to Tulane Graduates in May AAPL,neutral,177.05900000000003
2019-02-08,bctrades,es f let s see if 2680 holds tomorrow spy spx aapl ba amzn,neutral,177.05900000000003
2019-02-07,ZeeInn,My replacement 7 is just 6 months old dies like a 2003 Razr The first 7 just went blank screen no power AAPL,positive,177.05900000000003
2019-02-07,StockRockandRoll.com™,RT QBIO back on high alert shows 68pct Upside Potential View our INTERACTIVE CHART on TV,positive,177.05900000000003
2019-02-07,CryptoCurrencyAlerts™,RT QBIO back on high alert shows 68pct Upside Potential View our INTERACTIVE CHART on TV,positive,177.05900000000003
2019-02-07,TopMarketGainers™,QBIO back on high alert shows 68pct Upside Potential View our INTERACTIVE CHART on TV,positive,177.05900000000003
2019-02-07,AutochartistForTraders,Autochartist AAPL BigMovement Bearish Apple Inc experienced a 12 97 bullish movement in the last 13 days,positive,177.05900000000003
2019-02-07,Fred Jones-West,Apple Forces Developers to Remove Screen Recording Code From iOS Apps AAPL,neutral,177.05900000000003
2019-02-07,Apple Stock Bot,Apple Inc price at close 2019 02 07 is 170 94 apple AAPL,neutral,177.05900000000003
2019-02-07,Fred Jones-West,Apple Hires Obstetrician for Health Team to Bolster Women s Health Efforts AAPL,neutral,177.05900000000003
2019-02-07,Fred Jones-West,Netflix Launches Smart Downloads for Streamlined Access to Offline Content AAPL,positive,177.05900000000003
2019-02-07,TheExtraIncome,On Wednesday 30 we have detected new Low High Alert limit for AAPL of 153 167 TradingRange StockPicks Fo,positive,177.05900000000003
2019-02-07,Redbox Global,Not that AAPL s stock seemed to mind,neutral,177.05900000000003
2019-02-07,MarketSwingPlayer,No disrespect just tells me they re not ready for the millionaire or billionaire level yet Nothing wrong with,negative,177.05900000000003
2019-02-07,MarketSwingPlayer,Nice little setup gave the traders a nice pretty candle to short LOL AAPL Then took out the rocket How many g,positive,177.05900000000003
2019-02-07,MarketSwingPlayer,AAPL Nice 10 run in a week The battle of the Trend Lines vs MM s vs Institutional Traders MSP ALGO won again L,positive,177.05900000000003
2019-02-07,Fred Jones-West,Apple Highlights Depth Control on iPhone XS XS Max and XR in New Video AAPL,positive,177.05900000000003
2019-02-07,j. Capital Management,Daily Report Card chased one the wrong way but was able to refocus and take a much better second trade Practice,positive,177.05900000000003
2019-02-07,John Taylor,Westrock Company WRK 37 79 0 85 2 20 looks way oversold,neutral,177.05900000000003
2019-02-07,Fred Jones-West,Apple s iOS 12 1 4 Update Also Fixes Live Photos Vulnerability FaceTime Bug Reporter to Receive Bounty and Gift To,positive,177.05900000000003
2019-02-07,Fred Jones-West,Future HomePod Could Feature 3D Hand Gestures and Face ID AAPL,neutral,177.05900000000003
2019-02-07,Vizzini,AAPL Gives Deep State Access To Roger Stone s iCloud Account After Refusing To Violate Privacy of San Be,neutral,177.05900000000003
2019-02-07,MarketBeat,Apple releases update to prevent FaceTime eavesdropping AAPL AAPL Technology Smartphones Mobilephones,neutral,177.05900000000003
2019-02-07,MarketBeat,Apple releases update to prevent FaceTime eavesdropping AAPL AAPL Technology Smartphones Mobilephones,neutral,177.05900000000003
2019-02-07,Fred Jones-West,Deals Spotlight B amp H Photo Discounts 256GB 11 Inch Wi Fi iPad Pro to 799 AAPL,neutral,177.05900000000003
2019-02-07,Helen Raleigh,RT Having the ideological diversity proposal on Apple shareholders ballots is a big win for Danhof the FEP and cons,positive,177.05900000000003
2019-02-07,Matt C. P.,Apple Inc is doomed AAPL dropped by 1 8193 Currently priced at 171 0701 AAPL,neutral,177.05900000000003
2019-02-07,Mike Janes,AAPL Services,neutral,177.05900000000003
2019-02-07,John Taylor,Societe Generale Spo SCGLY 5 6000 0 3750 6 28 looks way oversold 5 60,neutral,177.05900000000003
2019-02-07,John Taylor,Range Resources Corp RRC 9 62 0 53 5 18 looks way oversold 9 62,neutral,177.05900000000003
2019-02-07,Ryan Rapaport,Just in case you were wondering where cannabis lies in the conscience of global millennials Aurora Cannabis Inc,neutral,177.05900000000003
2019-02-07,John Taylor,CNX Resources Corp CNX 10 03 0 54 5 16 looks way oversold 10 03,neutral,177.05900000000003
2019-02-07,John Taylor,Antero Resources Corp AR 8 83 0 49 5 26 looks way oversold 8 83,neutral,177.05900000000003
2019-02-07,PeeKnuckle,RT It s about time conservatives catch on push back and let our voice be heard Danhof and the FEP just showed us how,neutral,177.05900000000003
2019-02-07,Project 21,RT It s about time conservatives catch on push back and let our voice be heard Danhof and the FEP just showed us how,neutral,177.05900000000003
2019-02-07,Project 21,RT Having the ideological diversity proposal on Apple shareholders ballots is a big win for Danhof the FEP and cons,positive,177.05900000000003
2019-02-07,National Center,It s about time conservatives catch on push back and let our voice be heard Danhof and the FEP just showed us h,neutral,177.05900000000003
2019-02-07,John Taylor,Crescent Pt Energy CPG 2 58 0 13 4 98 looks way oversold,neutral,177.05900000000003
2019-02-07,National Center,Having the ideological diversity proposal on Apple shareholders ballots is a big win for Danhof the FEP and,positive,177.05900000000003
2019-02-07,Fred Jones-West,Apple s Group FaceTime Servers Back Online Following iOS 12 1 4 Launch AAPL,neutral,177.05900000000003
2019-02-07,Fred Jones-West,Apple Releases Updated Version of macOS Mojave 10 14 3 With Group FaceTime Bug Fix AAPL,neutral,177.05900000000003
2019-02-07,Fred Jones-West,iOS 12 1 4 Now Available With Group FaceTime Bug Fix AAPL,positive,177.05900000000003
2019-02-07,FJ,Almost everyone in the world that can afford an iPhone already has one In case of a globally slowing economy,neutral,177.05900000000003
2019-02-07,Jon Loftis,is all that matters aapl,neutral,177.05900000000003
2019-02-07,Fred Jones-West,Apple Fixing FaceTime Eavesdropping Bug in iOS 12 1 4 Update Coming Today AAPL,neutral,177.05900000000003
2019-02-07,Sean Hyman,How These Four Stocks Could Cause Your Stocks To Sell Off Too via twitter com Sea,neutral,177.05900000000003
2019-02-07,THE JÜPITER-NETZMEDIEN,RT Apple Shifts In House Modem Dev Team To Big Leagues As It Preps 5G Push For iPhones via,neutral,177.05900000000003
2019-02-07,HotHardware,Apple Shifts In House Modem Dev Team To Big Leagues As It Preps 5G Push For iPhones via,neutral,177.05900000000003
2019-02-07,John Taylor,RT Dow Jones Rally Back to stall 1930 next big leg down https,negative,177.05900000000003
2019-02-07,John Taylor,RT Dow Jones posed for a 50 60 crash soon Crash by Feb 19 2019,neutral,177.05900000000003
2019-02-07,Official AAPL,Interested in being a part of our Communication Team Our next conference call is Thursday February 21st at 11 00,positive,177.05900000000003
2019-02-07,DIYElectricHydrofoil,aapl at resistance if it tops and rolls over next 2 weeks bear market could start in broad market aapl apple,positive,177.05900000000003
2019-02-07,Nigam Arora,IF YOU OWN APPLE AMAZON FACEBOOK OR AMD LOOK OUT BELOW AAPL AMZN FB stockmarket,positive,177.05900000000003
2019-02-07,Curtis D,Played very small today AAPL,negative,177.05900000000003
2019-02-07,John Taylor,USA Technologies USAT 3 40 3 49 50 65 oversold 3 37,neutral,177.05900000000003
2019-02-07,Fred Jones-West,Toyota Expanding CarPlay to 2020 Tacoma Tundra Sequoia and 4Runner as VW Debuts Wireless CarPlay in Europe AAPL,neutral,177.05900000000003
2019-02-07,Jason Brooks,Market promising a deeper move into the red today Dow 122 NASDAQ 44 Lots of earns in TWTR topped on a st,positive,177.05900000000003
2019-02-07,A. M.,Google needs twitter but so does Apple Long on Twitter if you re reading this tweet you know it s usefulness and,negative,177.05900000000003
2019-02-07,Warsnop,FOREX update President Trumph addresses State of the Union High volatility expected for USD and also for AUD,positive,177.05900000000003
2019-02-07,umesh,AAPL looking pullback to buy investing trading daytrading stockmarket Elliottwave elliottwave,neutral,177.05900000000003
2019-02-07,Fred Jones-West,Apple Reportedly Shifts to In House Modem Engineering Led by Johny Srouji AAPL,neutral,177.05900000000003
2019-02-07,Ron Giese,RT sotu Pelosi Nancy Giveaway win contest ContestAlert Apple appleNews appleEvent AAPL LetsGoOilers,positive,177.05900000000003
2019-02-07,Ron Giese,RT ContestAlert giveaway contest sweeps win AI apple appleNews AppleEvent AAPL YearofThePig iDrop News,positive,177.05900000000003
2019-02-07,Sahab Yazdan,more than 21 up in almost a month now there s potentials for a decline looms like in red line level 185 aapl,positive,177.05900000000003
2019-02-07,Fred Jones-West,Apple Pay Valentine s Day Promo Offers 15 Off at 1 800 Flowers AAPL,positive,177.05900000000003
2019-02-07,Average Apple Guy  (Clinton Fitch),Apple Reclaims Title of Most Valuable Pubic Company For Now Apple AAPL MarketCap FInacials,positive,177.05900000000003
2019-02-07,Nancy Giese,RT ContestAlert giveaway contest sweeps win AI apple appleNews AppleEvent AAPL iDrop News is giving away,positive,177.05900000000003
2019-02-07,Nancy Giese,RT ContestAlert giveaway contest sweeps win AI apple appleNews AppleEvent AAPL iDrop News is giving away,positive,177.05900000000003
2019-02-07,Fred Jones-West,Skype Gains Background Blurring Feature AAPL,neutral,177.05900000000003
2019-02-07,MarketSwingPlayer,AAPL MSP Market Watchlist amp alerts Update 1st signal long After Hour drop near 145 on 1 4 18 MSP ALGO repor,positive,177.05900000000003
2019-02-07,7rider,Fortunately Mountain View doesn t have a big tech company like Cupertino that causes major traffic jams due to inb,positive,177.05900000000003
2019-02-07,FOREX Sara,Forex Best profits signals For Free signals join telegram BTC CRON forexsignals,positive,177.05900000000003
2019-02-07,Griffin Mohsen,Forex Best profits signals For free signals join telegram USO forex TRX fx FB,positive,177.05900000000003
2019-02-07,Himani chopra,Forex Best profits signals For 10x gains join Telegram AMZN forex BTT OIL UNG,positive,177.05900000000003
2019-02-07,Aashraya Yogi,Forex Best profits signals For free signals join telegram BTT BTC forexsignals,positive,177.05900000000003
2019-02-07,Parth shanker Upadhyaya,Forex Best profits signals For Free crypto signals forexsignals UNG BTT AMZN GLD,positive,177.05900000000003
2019-02-07,Parichay Sidana,Forex Best profits signals Don t miss your chance join telegram OIL UNG,positive,177.05900000000003
2019-02-07,Tradelogsite,AAPL Open 174 65 Close 174 18 Daily Range 172 85 175 57 Earnings date Apr 29 2019 May 3 2019,neutral,177.05900000000003
2019-02-07,MarketSwingPlayer,Trading Tip The most important thing to remember is pay attention when rocket alerts come out The beginning of a,positive,177.05900000000003
2019-02-07,MarketSwingPlayer,AAPL MSP Market Watch list amp trade alerts Update 1st signal long After Hour drop near 145 on 1 4 18 MSP ALGO,positive,177.05900000000003
2019-02-07,Apple I Smart,Apple regained the position of the world s most valuable company AAPL apple,positive,177.05900000000003
2019-02-07,FOREX Sara,Forex Best profits signals For free signals join telegram OIL USO TSLA BTT,positive,177.05900000000003
2019-02-07,Griffin Mohsen,Forex Best profits signals Free crypto telegram channel join GOOG OIL USO GLD TRX,positive,177.05900000000003
2019-02-07,Himani chopra,Forex Best profits signals For Free signals join telegram TRX UNG USO AMZN,positive,177.05900000000003
2019-02-07,Modest Returns,Parabolic move in CRON is over When BA Follows similar path mkt rally is temporarily over Not yet but certai,neutral,177.05900000000003
2019-02-07,MarketSwingPlayer,NVDA Rocket Alert the other day This is how we do it Whoa Rocket Alert SPY 10 pop in 2 Days Seems like t,negative,177.05900000000003
2019-02-07,Kevin Uhles,Apple Watch fall detection feature saves life of man in Norway AAPL,neutral,177.05900000000003
2019-02-07,Aashraya Yogi,Forex Best profits signals For Free signals join telegram OIL BTT GOOG fx GLD,positive,177.05900000000003
2019-02-07,Parth shanker Upadhyaya,Forex Best profits signals For more info Join Telegram UNG OIL GLD FB fx,positive,177.05900000000003
2019-02-07,Phil Marinucci Multimedia,Apple Once Again the Most Valuable Public Company in the World AAPL,positive,177.05900000000003
2019-02-07,eXWorld Technology News,Apple regains spot as most valuable US company as shares rebound AAPL,positive,177.05900000000003
2019-02-07,Modest Returns,Inside the cranium of NFLX traders Why it will probably be stuck in this range for a while trading,neutral,177.05900000000003
2019-02-07,Parichay Sidana,Forex Best profits signals For more signals join telegram GOOG TSLA forexsignals,positive,177.05900000000003
2019-02-07,SWIFT Unlock SWIFTUNLOCK.COM |#1 USA Direct Source,Check February 06 2019 at 09 15PM Still Looking for ALPHA Make 10 in BitCoin roku,neutral,177.05900000000003
2019-02-07,Modest Returns,If and When NFLX reverses 325 is possibility Strong buyers will make that difficult trading DayTrading,negative,177.05900000000003
2019-02-07,bctrades,es f let s see if it holds overnight futures all red right now spy spx aapl ba,positive,177.05900000000003
2019-02-07,Mike Janes,Their heart is in the right place and in the tech world where there are still people doing the wrong thing at sca,negative,177.05900000000003
2019-02-06,Fred Jones-West,Some Popular iPhone Apps Secretly Record Your Screen for Analytics Purposes AAPL,positive,177.35299999999998
2019-02-06,"David Coen ⚡[WTF is ""the Blockchain""?]",RT It seems that with we ll have stocks on top of Bitcoin Amazing Take a look AMZN,positive,177.35299999999998
2019-02-06,Quant,AAPL major resistance directly overhead Buy 163ish AAPL chart,positive,177.35299999999998
2019-02-06,Elf,Apple Regains Crown as Most Valuable Company with Shares Climbing Back Up investing aapl,positive,177.35299999999998
2019-02-06,Fred Jones-West,Newton Mail for iOS and Mac is Back for 50 Year AAPL,neutral,177.35299999999998
2019-02-06,Apple Stock Bot,Apple Inc price at close 2019 02 06 is 174 24 apple AAPL,neutral,177.35299999999998
2019-02-06,Fred Jones-West,Apple Once Again the Most Valuable Public Company in the World AAPL,positive,177.35299999999998
2019-02-06,Young Simon,Forex Best profits signals Don t miss your chance join telegram GLD USO UNG BTT,positive,177.35299999999998
2019-02-06,HotHardware,Researcher Discovers macOS Keychain Exploit But Won t Share Data With Apple via security Mac AAPL,neutral,177.35299999999998
2019-02-06,Fred Jones-West,Apple Store at Natick Collection in Greater Boston Reopens February 16 AAPL,positive,177.35299999999998
2019-02-06,Fred Jones-West,Apple Removes Useless Do Not Track Feature From Latest Beta Versions of Safari AAPL,neutral,177.35299999999998
2019-02-06,Fred Jones-West,macOS Keychain Security Flaw Discovered by Researcher but Details Not Shared With Apple Over Bug Bounty Protest,neutral,177.35299999999998
2019-02-06,InteractiveSwingTrading,The real story is about the earnings but not the fourth quarter earnings It s about the guidance That has been,positive,177.35299999999998
2019-02-06,Dinero Inteligente,AAPL Apple Cook says Apple will elevate retail experience,neutral,177.35299999999998
2019-02-06,Fred Jones-West,Apple Releases Safari Technology Preview 75 With Bug Fixes and Performance Improvements AAPL,neutral,177.35299999999998
2019-02-06,Eric Homan,Askhalftime Mobile payments PYPL AAPL Pay or SQ How do they compare,neutral,177.35299999999998
2019-02-06,Proactiveinvestors,AAPL Apple head of retail Angela Ahrendts steps down unexpectedly AAPL Apple,negative,177.35299999999998
2019-02-06,Fred Jones-West,Apple May Be Modifying iPhone 7 and iPhone 8 to Skirt German Sales Ban AAPL,neutral,177.35299999999998
2019-02-06,Fred Jones-West,Some Users Report Adobe Premiere Pro Issue Causing Blown Out MacBook Pro Speakers AAPL,neutral,177.35299999999998
2019-02-06,Zach Maloney,Stock Market been interesting lately OptionsTrading SPY AAPL FB ROKU AMZN,positive,177.35299999999998
2019-02-06,Modest Returns,Itching to short BA Parabolic Move But POC Yellow arrow says to wait another day or two to be safer to sell,neutral,177.35299999999998
2019-02-06,Dynamic Technical Advisors,02 06 19 9 33 02 AM Trade Allocation AAPL SS LMT 175 Stop 177 67 Target 166 27 AAPL AAPL Apple AppleInc Bearish ShortSell,neutral,177.35299999999998
2019-02-06,"David Coen ⚡[WTF is ""the Blockchain""?]",It seems that with we ll have stocks on top of Bitcoin Amazing Take a look AMZN AAPL BABA FB KO,positive,177.35299999999998
2019-02-06,Fred Jones-West,Apple Preemptively Sues Patent Troll to Address Threats Over USB Related Power Patents AAPL,neutral,177.35299999999998
2019-02-06,Rui,Options OptionsTrading AAPL StockMarket trading Enough AAPL for today Look out for gt 1 movement later,neutral,177.35299999999998
2019-02-06,Rui,Options OptionsTrading AAPL StockMarket trading Closed Limit AAPL FEB08 175 Put 2 9,negative,177.35299999999998
2019-02-06,Rui,Options OptionsTrading AAPL StockMarket trading Set Limit at AAPL FEB08 175 Put 2 9,neutral,177.35299999999998
2019-02-06,Rui,Options OptionsTrading AAPL StockMarket trading BTO AAPL FEB08 175 Put 2 79,neutral,177.35299999999998
2019-02-06,Rui,Options OptionsTrading AAPL StockMarket trading BTO AAPL FEB08 175 Put 2 24 2 38 closed in few mins,negative,177.35299999999998
2019-02-06,David G Zeiler ⚡️,I m not sure it s fair to imply blame for slumping iPhone sales in China on AngelaAhrendts in your headline but,positive,177.35299999999998
2019-02-06,Fred Jones-West,Apple Maps Launches Revamped Data Collection Website AAPL,neutral,177.35299999999998
2019-02-06,Griffin Mohsen,Forex Best profits signals For more info Join Telegram AMZN BTC fx CRON FB UNG,positive,177.35299999999998
2019-02-06,FOREX Sara,Forex Best profits signals For Free crypto signals UNG CRON TRX FB BTC USO forex,positive,177.35299999999998
2019-02-06,Himani chopra,Forex Best profits signals For free signals join telegram fx TSLA GOOG UNG OIL,positive,177.35299999999998
2019-02-06,Fred Jones-West,Spotify Reaches 96M Paid Subscribers Compared to Apple Music s Over 50 Million AAPL,neutral,177.35299999999998
2019-02-06,Ron Giese,RT ContestAlert giveaway contest sweeps win AI apple appleNews AppleEvent AAPL LetsGoOilers SOTU,positive,177.35299999999998
2019-02-06,Ron Giese,RT ContestAlert giveaway contest sweeps win AI apple appleNews AppleEvent AAPL LetsGoOilers SOTU,positive,177.35299999999998
2019-02-06,Modest Returns,SPY SPX ES F Entire Overnight trading inside Y day regular trade hours Likely to be a dull day Understanding O,negative,177.35299999999998
2019-02-06,Parth shanker Upadhyaya,Forex Best profits signals For 10x gains join Telegram forex AAPL GOOG BTT TRX,positive,177.35299999999998
2019-02-06,Aashraya Yogi,Forex Best profits signals For more signals join telegram USO FB BTC UNG BTT,positive,177.35299999999998
2019-02-06,Parichay Sidana,Forex Best profits signals For more signals join telegram fx BTC USO OIL UNG GOOG,positive,177.35299999999998
2019-02-06,Proactive Investors,AAPL Apple head of retail Angela Ahrendts steps down unexpectedly via UK AAPL,negative,177.35299999999998
2019-02-06,Fred Jones-West,Apple Lists New Neymar Jr Custom Edition Beats Studio3 Wireless Headphones AAPL,positive,177.35299999999998
2019-02-06,Nancy Giese,RT ContestAlert giveaway contest sweeps win AI apple appleNews AppleEvent AAPL LetsGoOilers SOTU,positive,177.35299999999998
2019-02-06,Nancy Giese,RT ContestAlert giveaway contest sweeps win apple appleNews AppleEvent AAPL LetsGoOilers SOTU,positive,177.35299999999998
2019-02-06,Nancy Giese,RT ContestAlert giveaway contest sweeps win AI apple appleNews AppleEvent AAPL LetsGoOilers SOTU,positive,177.35299999999998
2019-02-06,FOREX Sara,Forex Best profits signals For Free signals join telegram CRON UNG TSLA BTT,positive,177.35299999999998
2019-02-06,Griffin Mohsen,Forex Best profits signals For Free signals join telegram BTT GLD GOOG forex TRX,positive,177.35299999999998
2019-02-06,Himani chopra,Forex Best profits signals For more info join telegram AMZN OIL GOOG TSLA forex,positive,177.35299999999998
2019-02-06,Dan Parks,Apple Accidentally Reveals Radical New iPhone aapl smhq,positive,177.35299999999998
2019-02-06,FOREX,APPLE WONDERFUL BUY AAPL chart,positive,177.35299999999998
2019-02-06,SanctiGrail [⚡️],I SAY Hm AAPL TA Trade AAPL,neutral,177.35299999999998
2019-02-06,LUKE,RT Trading earnings with Technical analysis Blog post on playing both sides with AAPL Apple as an example Link https,neutral,177.35299999999998
2019-02-06,Parth shanker Upadhyaya,Forex Best profits signals For Free signals join telegram GOOG forex USO,positive,177.35299999999998
2019-02-06,Aashraya Yogi,Forex Best profits signals For more info Join Telegram TSLA UNG fx TRX AMZN GLD,positive,177.35299999999998
2019-02-06,a mart,profit looking maxed Only dollar pool large enough to move the dial is global subscription TV roll,positive,177.35299999999998
2019-02-06,Parichay Sidana,Forex Best profits signals For 10x gains join Telegram fx TSLA AAPL UNG OIL CRON,positive,177.35299999999998
2019-02-06,ElliottWaves,All 78 instruments 1 hour charts are updated for members viewing Indices Stocks ETF s,neutral,177.35299999999998
2019-02-06,James Owen,Activist Goverment Apple instigated mess has caused QCOM market cap to decline from over 110 billion in September,negative,177.35299999999998
2019-02-06,ZL,RT Mars AAPL textbook reversal off the 200 week sma forewarned is forearmed,neutral,177.35299999999998
2019-02-06,Fred Jones-West,What to Do If Your iPhone is Lost or Stolen AAPL,neutral,177.35299999999998
2019-02-06,SWIFT Unlock SWIFTUNLOCK.COM |#1 USA Direct Source,Check February 05 2019 at 09 15PM Still Looking for ALPHA Make 10 in BitCoin roku,neutral,177.35299999999998
2019-02-06,daniela carolina alvarado,RT Forex Best profits signals Free crypto telegram channel join CRON OIL forexsignals AMZN GLD,positive,177.35299999999998
2019-02-06,Mark Sigal,Angela Ahrendts Plans April Departure After Five Successful Years AAPL,positive,177.35299999999998
2019-02-06,ElliottWaves,Group 2 instruments Daily Technical Video is available for members viewing ElliottWave ES F NQ F TF F AAPL,positive,177.35299999999998
2019-02-06,Ideas 4 Investors,gt gt World s Finest Social Media Network for Millennials is venturing into tapping the Power,positive,177.35299999999998
2019-02-06,ElliottWaves,All 78 instruments 4 hour charts are updated for members viewing Indices Stocks,neutral,177.35299999999998
2019-02-06,ElliottWaves,Group 2 instruments 4 hour charts are updated for members viewing ElliottWave ES F NQ F TF F AAPL PA F,neutral,177.35299999999998
2019-02-06,"Dr.Anirudh Sethi ,PhD",AAPL Eyes on 176 27 level Now crossover and close for 3 consecutive days will take to 185 187 More to our Mem,positive,177.35299999999998
2019-02-06,A. M.,AAPL should just buy SNAP already cook and get into social space stocks,positive,177.35299999999998
2019-02-05,MarketBeat,Apple s top retail exec to leave amid iPhone sales slowdown AAPL AAPL Technology Salesfigures,positive,177.35299999999998
2019-02-05,MarketBeat,Apple s top retail exec to leave amid iPhone sales slowdown AAPL AAPL Technology Salesfigures,positive,177.35299999999998
2019-02-05,Fred Jones-West,Apple Stops Signing iOS 12 1 2 Following Release of iOS 12 1 3 AAPL,neutral,177.35299999999998
2019-02-05,ElliottWaves,Group 3 Stocks amp ETF s 4 amp 1 hour charts are updated for members viewing ElliottWave BTC AAPL XOM BAC,neutral,177.35299999999998
2019-02-05,Apoorv Sharma,Back where it belongs AAPL,neutral,177.35299999999998
2019-02-05,LawnMower Man Seeker Squirrel,RT Mars AAPL textbook reversal off the 200 week sma forewarned is forearmed,neutral,177.35299999999998
2019-02-05,Fred Jones-West,Apple Expands Transit Directions to New Areas Introduces More Indoor Maps for Malls and Airports AAPL,positive,177.35299999999998
2019-02-05,TrendSpider,Trading earnings with Technical analysis Blog post on playing both sides with AAPL Apple as an example Link,neutral,177.35299999999998
2019-02-05,Tina Leonardi,Angela Ahrendts is leaving the company in April after serving in the role since 2014 apple AAPL,neutral,177.35299999999998
2019-02-05,Fred Jones-West,New Razer Blade Stealth vs Apple s MacBooks AAPL,positive,177.35299999999998
2019-02-05,Classic,Island reversal patterns in AAPL,neutral,177.35299999999998
2019-02-05,Marie Claude China,RT Check February 03 2019 at 09 15PM Still Looking for ALPHA Make 10 in BitCoin roku gpro aa,neutral,177.35299999999998
2019-02-05,P. Ricatti,RT Mars AAPL textbook reversal off the 200 week sma forewarned is forearmed,neutral,177.35299999999998
2019-02-05,Fred Jones-West,Democrats Send Letter to Tim Cook Asking for Answers About Group FaceTime Eavesdropping Flaw AAPL,neutral,177.35299999999998
2019-02-05,Alisa Gümüşay,RT Forex Best profits signals Free crypto telegram channel join CRON OIL forexsignals AMZN GLD,positive,177.35299999999998
2019-02-05,Dario Mofardin,AAPL textbook reversal off the 200 week sma forewarned is forearmed,neutral,177.35299999999998
2019-02-05,Apple Stock Bot,Apple Inc price at close 2019 02 05 is 174 18 apple AAPL,neutral,177.35299999999998
2019-02-05,Fred Jones-West,Angela Ahrendts Departing Apple in April Deirdre O Brien to Oversee Retail and People AAPL,neutral,177.35299999999998
2019-02-05,MarketSwingPlayer,AAPL Rocket Alert Trade Update Up 9 in 2 days since rocket alert yesterday Touch N GO with a Triple Twist,neutral,177.35299999999998
2019-02-05,crocodile,RT aapl if models bellow the iPhone X are being banned in China I guess that means more sales for iPhone X and up,positive,177.35299999999998
2019-02-05,MarkItJunkie,AAPL ends the day at the 450MA,neutral,177.35299999999998
2019-02-05,Jason Brooks,FAANG stocks leading the market Dow 153 Nasdaq 52 AAPL 1 6 and GOOG has turned it around 1 after bein,neutral,177.35299999999998
2019-02-05,Fred Jones-West,Waffle Flamingo Otter Sloth Skunk and Garlic Among New Emojis Coming to iOS in 2019 AAPL,positive,177.35299999999998
2019-02-05,BigDataFed,While iPhone shipments were negatively impacted in China for several reasons our calculation doesn t show Apple lo,negative,177.35299999999998
2019-02-05,MarketBeat,The top 10 books on Apple s iBooks US AAPL AAPL Mediadistribution Media Mobilemedia,positive,177.35299999999998
2019-02-05,MarketBeat,The top 10 movies on the iTunes Store AAPL AAPL Movies Mediadistribution Media,positive,177.35299999999998
2019-02-05,MarketBeat,The top 10 books on Apple s iBooks US AAPL AAPL Mediadistribution Media Mobilemedia,positive,177.35299999999998
2019-02-05,MarketBeat,The top 10 movies on the iTunes Store AAPL AAPL Movies Mediadistribution Media,positive,177.35299999999998
2019-02-05,Jason Brooks,pretty amazing to think of AAPL s power as one stock It fell over 25 from 10 3 1 2 as the overall,positive,177.35299999999998
2019-02-05,Ghino di Tacco,have u ever worked at topeka securities goodolddays aapl,neutral,177.35299999999998
2019-02-05,SHM,xbit is it the return of the dead fb tsla aapl,negative,177.35299999999998
2019-02-05,Fred Jones-West,Apple Seeds Second Public Beta of macOS Mojave 10 14 4 AAPL,neutral,177.35299999999998
2019-02-05,Fred Jones-West,Apple Seeds Second Public Beta of tvOS 12 2 for Fourth and Fifth Generation Apple TV AAPL,neutral,177.35299999999998
2019-02-05,Griffin Mohsen,Forex Best profits signals For Free signals join telegram CRON fx USO BTC FB,positive,177.35299999999998
2019-02-05,Fred Jones-West,Second Public Beta of iOS 12 2 Coming Today AAPL,neutral,177.35299999999998
2019-02-05,FOREX Sara,Forex Best profits signals Don t miss your chance join telegram forexsignals AAPL,positive,177.35299999999998
2019-02-05,Himani chopra,Forex Best profits signals For more info join telegram CRON OIL FB AAPL UNG AMZN,positive,177.35299999999998
2019-02-05,Fred Jones-West,Fuse s Side Kick Adds a Pop Socket to Your MacBook Pro Charger for Cord Winding AAPL,neutral,177.35299999999998
2019-02-05,ElliottWaves,All 78 instruments 1 hour charts are updated for members viewing Indices Stocks ETF,neutral,177.35299999999998
2019-02-05,Fred Jones-West,Apple Launches Annual Back to School Promotion in Japan Offers Free Gift Cards With Select Macs iPad Pros AAPL,positive,177.35299999999998
2019-02-05,cheri1,RT AAPL Daily AAPL 13MA never recrossed BC it then exploded upward into earnings reversing Upper BB Since then it,neutral,177.35299999999998
2019-02-05,Dekker Hewett Group,Dekker Hewett Group Morning Coffee Tuesday February 5 2019 Football is like life it requires perseverance,neutral,177.35299999999998
2019-02-05,TheExecutionVenue,AAPL fibs AAPL Trade with us,neutral,177.35299999999998
2019-02-05,Parth shanker Upadhyaya,Forex Best profits signals Don t miss your chance join telegram TSLA CRON UNG TRX,positive,177.35299999999998
2019-02-05,Aashraya Yogi,Forex Best profits signals Free crypto telegram channel join AAPL TSLA AMZN FB OIL,positive,177.35299999999998
2019-02-05,Mystery Trader,AAPL Daily AAPL 13MA never recrossed BC it then exploded upward into earnings reversing Upper BB Since then,neutral,177.35299999999998
2019-02-05,MillTicket,It had no reason being down there in the first place Still a buy at these levels it s currently at AAPL,positive,177.35299999999998
2019-02-05,Parichay Sidana,Forex Best profits signals Free crypto telegram channel join AAPL OIL AMZN FB,positive,177.35299999999998
2019-02-05,Fred Jones-West,Apple Music s New Memoji Billboards Highlight Grammy Nominees Shawn Mendes Ariana Grande and Kacey Musgraves AAPL,positive,177.35299999999998
2019-02-05,Chris Will,RT Taker Group Coaching Looking at an AAPL bull call spread stockmarket stocks trading options optionstrading optionseduca,neutral,177.35299999999998
2019-02-05,Market Taker,Group Coaching Looking at an AAPL bull call spread stockmarket stocks trading options optionstrading,neutral,177.35299999999998
2019-02-05,Stan Bunger,RT AAPL back on top of the market cap lead at 822B 7B more than MSFT and 8B more than AMZN Apple is up over 20 p,positive,177.35299999999998
2019-02-05,Jason Brooks,AAPL back on top of the market cap lead at 822B 7B more than MSFT and 8B more than AMZN Apple is up over 2,positive,177.35299999999998
2019-02-05,Fred Jones-West,Apple Faces Class Action Lawsuit Over Erroneous This Accessory May Not Be Supported Alerts AAPL,negative,177.35299999999998
2019-02-05,Ja. ALHamad,Apple vs Netflix AAPL NFLX,neutral,177.35299999999998
2019-02-05,Meghdad,baba running great aapl sq the best since I have it lol ba fb don t play too risky They are at the border to,positive,177.35299999999998
2019-02-05,Steve Job's Ghost,RT if you can t beat them buy them Should Apple buy Netflix Read more AAPL NFLX AAPL NFLX,positive,177.35299999999998
2019-02-05,Fred Jones-West,Sonos Debuts New In Wall In Ceiling and Outdoor Speakers With AirPlay 2 Support AAPL,positive,177.35299999999998
2019-02-05,Meghdad,Bot aapl calls upon open for this week and next week and will hold till tomorrow Bot sq calls this week will see how it goes today,neutral,177.35299999999998
2019-02-05,AAATrade,if you can t beat them buy them Should Apple buy Netflix Read more AAPL NFLX,positive,177.35299999999998
2019-02-05,EquityMongoose,Google Declines as Rising Costs and Other Bets Questions Cloud Solid Q4 GOOGL MSFT AAPL SPX DJIA NASDAQ,negative,177.35299999999998
2019-02-05,Fred Jones-West,Eve s HomeKit Enabled Light Strip Now Available for Purchase AAPL,positive,177.35299999999998
2019-02-05,Ron Giese,RT ContestAlert giveaway contest sweeps win AI apple appleNews AppleEvent AAPL LetsGoOilers iDrop News,positive,177.35299999999998
2019-02-05,Fred Jones-West,HomePod Struggling to Gain Market Share Alongside Cheaper Amazon Echo and Google Home Speakers AAPL,neutral,177.35299999999998
2019-02-05,Griffin Mohsen,Forex Best profits signals For Free crypto signals UNG OIL forexsignals AAPL GLD,positive,177.35299999999998
2019-02-05,Himani chopra,Forex Best profits signals Free crypto telegram channel join BTC fx FB TRX UNG,positive,177.35299999999998
2019-02-05,FOREX Sara,Forex Best profits signals For Free signals join telegram UNG OIL TSLA BTT GLD,positive,177.35299999999998
2019-02-05,MarketSwingPlayer,AAPL Lot s of traders sizzled if shorted that one near resistance 167 MSP Bot said a battle play The Dual Play t,positive,177.35299999999998
2019-02-05,MarketSwingPlayer,AAPL Performs Fantastic Touch And Go With Two Rolls AAPL Bloomberg CNBC trading QQQ SPY,positive,177.35299999999998
2019-02-05,Ephraim Golgher,RT Know First Apple Stock Forecast Why Apple Will Release A New Mac Mini This Year Read the Full Article Here,positive,177.35299999999998
2019-02-05,Nancy Giese,RT giveaway contest sweeps win AI apple appleNews AppleEvent AAPL YearofThePig iDrop News is giving away,positive,177.35299999999998
2019-02-05,Nancy Giese,RT ContestAlert giveaway contest sweeps win AI apple appleNews AppleEvent AAPL LetsGoOilers,positive,177.35299999999998
2019-02-05,MarketSwingPlayer,F 16 Performs Fantastic Touch And Go With Two Rolls AAPL NVDA Last Rocket Alerts,positive,177.35299999999998
2019-02-05,Young Simon,Forex Best profits signals Don t miss your chance join telegram fx TRX GLD GOOG,positive,177.35299999999998
2019-02-05,Parth shanker Upadhyaya,Forex Best profits signals Don t miss your chance join telegram FB fx CRON BTT,positive,177.35299999999998
2019-02-05,Aashraya Yogi,Forex Best profits signals For free signals join telegram GOOG fx AMZN TSLA TRX,positive,177.35299999999998
2019-02-05,Max HarryHindsight Capital,RT Apple agreed to pay 10 years of back taxes worth 500M to French IRS AAPL,positive,177.35299999999998
2019-02-05,alex,Apple agreed to pay 10 years of back taxes worth 500M to French IRS AAPL,positive,177.35299999999998
2019-02-05,Fred Jones-West,Apple Pay Expands to BNP Paribas and HSBC Banks in France AAPL,neutral,177.35299999999998
2019-02-05,Parichay Sidana,Forex Best profits signals For free signals join telegram fx UNG USO AMZN TRX,positive,177.35299999999998
2019-02-05,(mae)STRO STORES,RT FEBRUARY HEART MONTH Watch Series 4 With ECG App and irregular Heart Rhythm Notification Available,positive,177.35299999999998
2019-02-05,Fred Jones-West,Apple Agrees Deal With France to Pay 571 million in Back Taxes AAPL,neutral,177.35299999999998
2019-02-05,Fred Jones-West,Apple Supplier of iPhone 3D Optical Sensors Warns of Weak First Quarter Outlook Skips Dividend AAPL,negative,177.35299999999998
2019-02-05,Steve Job's Ghost,RT Dear YOU SUCK TimCook you are Ballmerizing AAPL you have just about bricked the iPhone 6 3 4yr old iMacs and g,positive,177.35299999999998
2019-02-05,Zachary Lark,Dear YOU SUCK TimCook you are Ballmerizing AAPL you have just about bricked the iPhone 6 3 4yr old i,positive,177.35299999999998
2019-02-05,digiburster,RT Look whats on from 7th January USD EUR JPY GBP USDT BTC ETH BCH XRP LTC DASH DGB,neutral,177.35299999999998
2019-02-05,Andy Race,RT Look whats on from 7th January USD EUR JPY GBP USDT BTC ETH BCH XRP LTC DASH DGB,neutral,177.35299999999998
2019-02-05,Fred Jones-West,2018 MacBook Air s FaceTime HD Camera Quality Issue AAPL,neutral,177.35299999999998
2019-02-05,MarketSwingPlayer,MSP ALGO Trading Club coming sometime in 2019 after done with social app Would ve focused on Swing Trades MSP,positive,177.35299999999998
2019-02-05,MarketSwingPlayer,TWTR AAPL Just an example of Dual Support Resistance but did you know TWTR have Earning coming this week,neutral,177.35299999999998
2019-02-05,albertoalbano,RT Strong Earnings are lifting markets Giant companies such as IBM and PG both DJ30 components had a positive impact on t,positive,177.35299999999998
2019-02-05,MarketSwingPlayer,Past Post e Hash DUAL Support Resistance on MSP ALGO Options Playbook Alerts know stock gonna make a move if brea,negative,177.35299999999998
2019-02-05,SWIFT Unlock SWIFTUNLOCK.COM |#1 USA Direct Source,Check February 04 2019 at 09 15PM Still Looking for ALPHA Make 10 in BitCoin roku,neutral,177.35299999999998
2019-02-05,ElliottWaves,All 78 instruments 4 hour charts are updated for members viewing Indices Stocks ETF,neutral,177.35299999999998
2019-02-05,eXWorld Technology News,Apple again became the world s most valuable company today but only for a few seconds AAPL,positive,177.35299999999998
2019-02-05,Markas B Koke,AAPL doesn t want to have anything to do with DebtFlixs books NFLX so forget about it wallstgame,neutral,177.35299999999998
2019-02-05,Michael Mosby,My last 6 stock purchases are producing 600 to 685 Not much but better than my savings account stockpile,positive,177.35299999999998
2019-02-04,Griffin Mohsen,Forex Best profits signals For Free crypto signals CRON forex BTC UNG GLD OIL,positive,177.35299999999998
2019-02-04,FOREX Sara,Forex Best profits signals Free crypto telegram channel join AAPL AMZN BTC GLD,positive,177.35299999999998
2019-02-04,FOREX Sara,Forex Best profits signals Don t miss your chance join telegram forex USO fx CRON,positive,177.35299999999998
2019-02-04,Himani chopra,Forex Best profits signals For Free crypto signals AMZN GOOG CRON GLD OIL TRX,positive,177.35299999999998
2019-02-04,Young Simon,Forex Best profits signals For more info join telegram CRON OIL forexsignals AAPL,positive,177.35299999999998
2019-02-04,Young Simon,Forex Best profits signals For Free crypto signals AMZN TRX GLD GOOG fx CRON BTT,positive,177.35299999999998
2019-02-04,Aashraya Yogi,Forex Best profits signals Free crypto telegram channel join CRON OIL forexsignals,positive,177.35299999999998
2019-02-04,Parth shanker Upadhyaya,Forex Best profits signals For 10x gains join Telegram AMZN FB USO forex,positive,177.35299999999998
2019-02-04,Parth shanker Upadhyaya,Forex Best profits signals Free crypto telegram channel join forexsignals UNG GOOG,positive,177.35299999999998
2019-02-04,Apple Stock Bot,Apple Inc price at close 2019 02 04 is 171 25 apple AAPL,neutral,177.35299999999998
2019-02-04,Fred Jones-West,Gmail Google Docs and Google Sheets Gain Support for 2018 iPad Pro Models AAPL,neutral,177.35299999999998
2019-02-04,Parichay Sidana,Forex Best profits signals For 10x gains join Telegram GLD OIL fx UNG BTC TRX,positive,177.35299999999998
2019-02-04,Fred Jones-West,Roku in Talks With Apple About AirPlay 2 Support AAPL,neutral,177.35299999999998
2019-02-04,Fred Jones-West,Buggy iOS 12 2 Beta 2 Lock Screen Shows Battery Percentage Instead of Date AAPL,neutral,177.35299999999998
2019-02-04,Jason Brooks,Nice comeback by the Dow today 94 big assist to AAPL 2 8 NASDAQ 65 GOOG earnings after the closing be,positive,177.35299999999998
2019-02-04,Dr. Wendell Craig,Apple could buy Netflix but it would cost 189B analyst says nflx AAPL technology,neutral,177.35299999999998
2019-02-04,Fred Jones-West,Some AT amp T iPhones Displaying Misleading 5G E Icon in iOS 12 2 Beta 2 AAPL,neutral,177.35299999999998
2019-02-04,MarketSwingPlayer,AAPL MSP ALGO Options Playbook Rocket Alerts Support Resistance AAPL SPY Trading WealthManagement,neutral,177.35299999999998
2019-02-04,Fred Jones-West,Apple Introduces New Giraffe Shark Owl and Boar Animoji in iOS 12 2 Beta AAPL,positive,177.35299999999998
2019-02-04,Organized Trader NYC,Apple Inc AAPL As correctly forecasted 3 hours ago increase after 12 o clock Ready to short Forecasting a decr,positive,177.35299999999998
2019-02-04,Jake Dollarhide,Sonos Shares Jump as JPMorgan Suggests a Strategic Fit for Apple via Hmmm t,positive,177.35299999999998
2019-02-04,Andrew,Apple AAPL back above US 170 Agree that a bear case can be made here But when you are swimming in cash have a,neutral,177.35299999999998
2019-02-04,Fred Jones-West,Apple Seeds Second Beta of macOS Mojave 10 14 4 to Developers AAPL,neutral,177.35299999999998
2019-02-04,Fred Jones-West,Apple Seeds Second Beta of watchOS 5 2 to Developers AAPL,neutral,177.35299999999998
2019-02-04,Fred Jones-West,Apple Seeds Second Beta of Upcoming tvOS 12 2 Update to Developers AAPL,neutral,177.35299999999998
2019-02-04,MarketSwingPlayer,AAPL I AM sure lots of shorts got caught with that Rocket Alert Most likely short covering helped price excel an,positive,177.35299999999998
2019-02-04,Fred Jones-West,Apple Releasing Second Developer Beta of iOS 12 2 Today AAPL,neutral,177.35299999999998
2019-02-04,Stock Market Education - Price Level Trading,JPMorgan runs Apple Netflix merger idea up the flagpole again Apple Inc NASDAQ AAPL Seeking Alpha,neutral,177.35299999999998
2019-02-04,Jason Brooks,We didn t have many ho hum days like this in Q4 Dow turns positive 30 Nasdaq 66 AAPL doing a lot of heavy,positive,177.35299999999998
2019-02-04,MarketSwingPlayer,AAPL Invest Recommendation After Earnings Update Up 9 Recommend entry was near 160 Did a Touch N GO Rocket Al,positive,177.35299999999998
2019-02-04,All About Technology,Apple Exploring New Glass Panel MacBook Keyboards That Could End Sticky Key Problems aapl,positive,177.35299999999998
2019-02-04,Fred Jones-West,Apple Begins Selling Refurbished iPhone X Models Starting at 769 AAPL,neutral,177.35299999999998
2019-02-04,Fred Jones-West,Deals Spotlight B amp H Photo Discounting Large Selection of Apple Watch Series 3 Models AAPL,positive,177.35299999999998
2019-02-04,ElliottWaves,All 78 instruments 1 hour charts are updated for members viewing Indices Stocks ETF s,neutral,177.35299999999998
2019-02-04,Fred Jones-West,Apple to Limit Accelerometer and Gyroscope Access in Safari on iOS 12 2 for Privacy Reasons AAPL,neutral,177.35299999999998
2019-02-04,Meghdad,Bot aapl upon open and sold for 50 gain sold it early,positive,177.35299999999998
2019-02-04,Rich Gas ❌❌❌❌,RT Fantastic currently the FED is complicit with corrupt Mainstream financial news organizations Hedge fund manage,negative,177.35299999999998
2019-02-04,Organized Trader NYC,Apple Inc AAPL 9 55am Quick jump followed by a sharp drop and after an increase to above 169 30 by 12 o clock,positive,177.35299999999998
2019-02-04,Fred Jones-West,Target Begins Apple Pay Rollout at Select Locations AAPL,neutral,177.35299999999998
2019-02-04,Fred Jones-West,Microsoft Working on SDK That Will Expand Xbox Live Features to More Games on iOS AAPL,positive,177.35299999999998
2019-02-04,Leverage Shares ETPs,Is now the time to buy Apple AAP2 8 10 analysts are bullish on the stock as sales are expected to surge The,negative,177.35299999999998
2019-02-04,Ron Giese,RT SuperBowlSunday Giveaway win contest ContestAlert Apple appleNews appleEvent AAPL iDrop News is giving,positive,177.35299999999998
2019-02-04,Ron Giese,RT Brady Edelman ContestAlert giveaway contest sweeps win AI apple appleNews AppleEvent AAPL iDrop New,positive,177.35299999999998
2019-02-04,Fred Jones-West,Deals Spotlight Get a 100 iTunes Gift Card for 85 via PayPal on eBay AAPL,neutral,177.35299999999998
2019-02-04,Fred Jones-West,Anker Opens Pre Orders for First MFi Lightning to USB C cable Shipping February 20 AAPL,positive,177.35299999999998
2019-02-04,Fred Jones-West,Apple Exploring New Glass Panel MacBook Keyboards That Could End Sticky Key Problems AAPL,positive,177.35299999999998
2019-02-04,Paolo Sammartino,One of the major financial players on the ground shared AAPL will rock soon,positive,177.35299999999998
2019-02-04,Fred Jones-West,WhatsApp for iPhone Now Lets You Lock App With Face ID or Touch ID AAPL,neutral,177.35299999999998
2019-02-04,Elliottwave,gt Learn to trade the right side through blue boxes and right side tags Start your free 14,positive,177.35299999999998
2019-02-04,Elliott Wave Daud,gt Learn to trade the right side through blue boxes and right side tags Start your free 14,positive,177.35299999999998
2019-02-04,Elliottwave Forecast,gt Learn to trade the right side through blue boxes and right side tags Start your free 14,positive,177.35299999999998
2019-02-04,MarketBeat,DA Davidson Raises Apple Q2 2019 Earnings Estimates to 2 25 EPS Previously 2 14 AAPL AAPL,negative,177.35299999999998
2019-02-04,Prabhu Ram,The next wave of s growth would be powered by services I believe would need to ramp up on its music,neutral,177.35299999999998
2019-02-04,SWIFT Unlock SWIFTUNLOCK.COM |#1 USA Direct Source,Check February 03 2019 at 09 15PM Still Looking for ALPHA Make 10 in BitCoin roku,neutral,177.35299999999998
2019-02-04,Chris Will,RT All 78 instruments charts are updated in 4 time frames for members viewing Indices Stocks ETF,neutral,177.35299999999998
2019-02-04,ElliottWaves,All 78 instruments charts are updated in 4 time frames for members viewing Indices Stocks,neutral,177.35299999999998
2019-02-03,eXWorld Technology News,Apple s stock could soar if it bundles media Morgan Stanley aapl,neutral,
2019-02-03,TrendSpider,Trading earnings with Technical analysis Blog post on playing both sides with AAPL Apple as an example Link,neutral,
2019-02-03,Suzie Smith,RT The Big Five FAANG Stock and Sector Service is now posted for Sunday,neutral,
2019-02-03,Katie Lowry,AAPL baby,neutral,
2019-02-03,Spider*Man,AAPL Every time Market is Up I plan that I will buy the stocks on pullback Pullback happens I think it will go,neutral,
2019-02-03,forex trader,RT Any rally of aapl is a selling opportunity over the long term thebigpicture,negative,
2019-02-03,Mike Janes,AAPL Services,neutral,
2019-02-03,Stan N,The Big Five FAANG Stock and Sector Service is now posted for Sunday,neutral,
2019-02-03,InteractiveSwingTrading,Notice how they refer to it as a bug Apple spent 4 billion on R amp D last quarter and the,negative,
2019-02-03,Trading inside,RT Any rally of aapl is a selling opportunity over the long term thebigpicture,negative,
2019-02-03,zeroleverage,Any rally of aapl is a selling opportunity over the long term thebigpicture,negative,
2019-02-03,Adam Novotny,Apple key earnings metrics 1 29 19 revenue 84B services 11B 5 qoq net income 20B operating cash fl,neutral,
2019-02-03,Elliottwave Forecast,gt Get regular updates and Trading setups on various Stocks ETFs and Bitcoin with a Free,positive,
2019-02-03,Bongz Axelrod🇺🇸🇿🇦,RT How much is your privacy worth to you If it s a lot buy Apple products BobLefsetz AAPL,positive,
2019-02-03,Sava360,How much is your privacy worth to you If it s a lot buy Apple products BobLefsetz AAPL,positive,
2019-02-03,Wayne Graham,Last weeks price action on Dow Apple news cemented the move up on Tuesday after close happy trading Dow AAPL,positive,
2019-02-03,WioAI,RT So what s next That is Mr Cook s biggest challenge Apple has been working on artificial intelligence and self driving,negative,
2019-02-03,Wassim Azhari,Apple in the start of wave b AAPL chart,neutral,
2019-02-03,Ruska/Martín Berlin,So what s next That is Mr Cook s biggest challenge Apple has been working on artificial intelligence and self d,negative,
2019-02-03,Steve Job's Ghost,RT AAPL Apple After warning given by timcook in just 21 sessions from 142 to 169 Market cap in last 21 sessio,neutral,
2019-02-03,"Dr.Anirudh Sethi ,PhD",AAPL Apple After warning given by timcook in just 21 sessions from 142 to 169 Market cap in last 21 ses,neutral,
2019-02-03,BenCasey1,Why Facebook Is Now More Attractive Than Apple AAPL FB Apple Facebook stocksto,positive,
2019-02-03,David Taylor,Why Facebook Is Now More Attractive Than Apple AAPL FB Apple Facebook stocksto,positive,
2019-02-03,SWIFT Unlock SWIFTUNLOCK.COM |#1 USA Direct Source,Check February 02 2019 at 09 15PM Still Looking for ALPHA Make 10 in BitCoin roku,neutral,
2019-02-03,Tradelogsite,AAPL Open 166 96 Close 166 44 Daily Range 165 93 168 98 Earnings date Apr 29 2019 May 3 2019,neutral,
2019-02-03,Incognita,RT Fantastic currently the FED is complicit with corrupt Mainstream financial news organizations Hedge fund manage,negative,
2019-02-03,Colby,RT Ever feel like you ve missed a call when trading stocks stocks trading daytrading swingtrading pennystocks fore,neutral,
2019-02-03,Real-Time Trading Ideas,Ever feel like you ve missed a call when trading stocks stocks trading daytrading swingtrading pennystocks,neutral,
2019-02-03,Rich Gas ❌❌❌❌,Fantastic currently the FED is complicit with corrupt Mainstream financial news organizations Hedge f,negative,
2019-02-02,Alex Moreno,APPLE AAPL chart,neutral,
2019-02-02,MattBurns,Why Facebook Is Now More Attractive Than Apple AAPL FB Apple Facebook stocksto,positive,
2019-02-02,Don Right,Why Facebook Is Now More Attractive Than Apple AAPL FB Apple Facebook stocksto,positive,
2019-02-02,Precision Capital Investments Group,beat ear bu price action is weak AAPL chart,negative,
2019-02-02,Don Right,Why Facebook Is Now More Attractive Than Apple AAPL FB Apple Facebook stocksto,positive,
2019-02-02,Gary Thomson,Why Facebook Is Now More Attractive Than Apple AAPL FB Apple Facebook stocksto,positive,
2019-02-02,Ephraim Golgher,Why Facebook Is Now More Attractive Than Apple AAPL FB Apple Facebook stocksto stockstowatch,positive,
2019-02-02,TradingView Español,AAPL APPLE TradingView,neutral,
2019-02-02,TradingView Español,AAPL APPLE TradingView,neutral,
2019-02-02,SWIFT Unlock SWIFTUNLOCK.COM |#1 USA Direct Source,Check February 01 2019 at 09 15PM Still Looking for ALPHA Make 10 in BitCoin roku,neutral,
2019-02-02,Kuradodelaprisa,AAPL Justa as we have fallen together we will now rise together Great earnings release,positive,
2019-02-01,Titan Pop Culture,Join Robinhood and we ll both get a stock for free Make sure you use THIS link below The more people you bring t,positive,177.35299999999998
2019-02-01,TrendSpider,Trading earnings with Technical analysis Blog post on playing both sides with AAPL Apple as an example Link,neutral,177.35299999999998
2019-02-01,Fred Jones-West,Apple Exec Overseeing Siri Departs Role AAPL,neutral,177.35299999999998
2019-02-01,Fred Jones-West,Flexgate Display Issues Affecting 2016 MacBook Pro and Later AAPL,neutral,177.35299999999998
2019-02-01,Fred Jones-West,Amazon Prime Video App for Apple TV Gains X Ray Feature AAPL,neutral,177.35299999999998
2019-02-01,Ashiwani Kumar Singh,RT Apple Facebook And Tesla Update For Shareholders via forbes investing mutualfunds TSLA FB AAPL,neutral,177.35299999999998
2019-02-01,Ashiwani Kumar Singh,RT Apple Facebook And Tesla Update For Shareholders via investing mutualfunds TSLA FB AAPL,neutral,177.35299999999998
2019-02-01,Apple Stock Bot,Apple Inc price at close 2019 02 01 is 166 52 apple AAPL,neutral,177.35299999999998
2019-02-01,Sam,Apple Facebook And Tesla Update For Shareholders via forbes investing mutualfunds TSLA FB AAPL,neutral,177.35299999999998
2019-02-01,Marketocracy,Apple Facebook And Tesla Update For Shareholders via investing mutualfunds TSLA FB AAPL,neutral,177.35299999999998
2019-02-01,Fred Jones-West,iPhone Sales Growing Following Price Cuts in China AAPL,neutral,177.35299999999998
2019-02-01,Kassy Meisel,AAPL had record numbers yup terrible report lol,negative,177.35299999999998
2019-02-01,Big_T,RT First have a trading plan Make rules Follow your rules Never break the rules Last learn to have patients AAPL BA s,positive,177.35299999999998
2019-02-01,ElliottWaves,All 78 instruments 1 hour charts are updated for members viewing Indices Stocks ETF s,neutral,177.35299999999998
2019-02-01,CHIAGBAIZU SHENK,RT FEBRUARY HEART MONTH Watch Series 4 With ECG App and irregular Heart Rhythm Notification Available,positive,177.35299999999998
2019-02-01,CHIAGBAIZU SHENK,RT FEBRUARY HEART MONTH Watch Series 4 With ECG App and irregular Heart Rhythm Notification Available,positive,177.35299999999998
2019-02-01,CHIAGBAIZU SHENK,RT FEBRUARY HEART MONTH Watch Series 4 With ECG App and irregular Heart Rhythm Notification Available,positive,177.35299999999998
2019-02-01,AAPLTrdNg VENTURES,FEBRUARY HEART MONTH Watch Series 4 With ECG App and irregular Heart Rhythm Notification Availab,neutral,177.35299999999998
2019-02-01,AAPLTrdNg VENTURES,FEBRUARY HEART MONTH Watch Series 4 With ECG App and irregular Heart Rhythm Notification Availab,neutral,177.35299999999998
2019-02-01,AAPLTrdNg VENTURES,FEBRUARY HEART MONTH Watch Series 4 With ECG App and irregular Heart Rhythm Notification Availab,neutral,177.35299999999998
2019-02-01,Josh Eby (Big Boy),First have a trading plan Make rules Follow your rules Never break the rules Last learn to have patients,positive,177.35299999999998
2019-02-01,Josh Eby (Big Boy),NTES Bought a bull put spread just about stopped out 1 penny away made 30 gains on this trade Sold it at there,neutral,177.35299999999998
2019-02-01,MarketBeat,Foxconn again shifts Wisconsin plan after Trump intervenes AAPL AAPL Stategovernments Productionfacilities,neutral,177.35299999999998
2019-02-01,MarketBeat,Foxconn again shifts Wisconsin plan after Trump intervenes AAPL AAPL Stategovernments Productionfacilities,neutral,177.35299999999998
2019-02-01,Fred Jones-West,MacRumors Giveaway Win a UV iPhone Sanitizer From PhoneSoap AAPL,positive,177.35299999999998
2019-02-01,Fred Jones-West,Deals Spotlight Save 30 on Incipio s Qi Mats Battery Packs and Other Charging Accessories AAPL,negative,177.35299999999998
2019-02-01,Kevin Uhles,This is retail but not as we know it Apple is bolstering its investment in experiential retail with expansive fl,neutral,177.35299999999998
2019-02-01,Bull & Bear Fund,Shows the power of forward looking earnings What are your thoughts AMZN AAPL,neutral,177.35299999999998
2019-02-01,Saleem Khan | #JOVRNALISM founder,RT Apple plans 3D cameras for augmented reality in 2020 iPhone JOVRNALISM AR ARind ARtech journa,neutral,177.35299999999998
2019-02-01,Marcy Vardeman,Love AAPL,positive,177.35299999999998
2019-02-01,Fred Jones-West,Group FaceTime Will Remain Permanently Disabled on iOS 12 1 3 and Earlier AAPL,negative,177.35299999999998
2019-02-01,ElliottWaves,All 78 instruments 1 hour charts are updated for members viewing Indices Stocks ETF s,neutral,177.35299999999998
2019-02-01,By_Caballero dot biz,I think Scott s on to something maybe no one trusts the companies that make all their products in,neutral,177.35299999999998
2019-02-01,Fred Jones-West,App Store Apple Music and iTunes Down for Some iOS 11 Users AAPL,negative,177.35299999999998
2019-02-01,Fred Jones-West,Apple Apologizes About FaceTime Bug Software Update With Fix Delayed Until Next Week AAPL,neutral,177.35299999999998
2019-02-01,MarketBeat,DA Davidson Lowers Apple FY2020 Earnings Estimates to 10 62 EPS Previously 11 02 AAPL AAPL,negative,177.35299999999998
2019-02-01,MarketBeat,Oppenheimer Lowers Apple FY2019 Earnings Estimates to 11 74 EPS Previously 11 88 AAPL AAPL,negative,177.35299999999998
2019-02-01,Anıl Demir,sp500 eurusd usd trump aoc tsla aapl amzn There is no need for explaining because you can see,neutral,177.35299999999998
2019-02-01,Fred Jones-West,Apple Promotes Heart Health With Activity Challenge and Apple Store Events Throughout February AAPL,neutral,177.35299999999998
2019-02-01,Apple Educate,RT RT FridayFeeling ContestAlert giveaway contest sweeps win AI apple appleNews AppleEvent AAPL LetsGoOilers We,positive,177.35299999999998
2019-02-01,MarketBeat,Wedbush Lowers Apple Q2 2019 Earnings Estimates to 2 45 EPS Previously 2 85 AAPL AAPL,negative,177.35299999999998
2019-02-01,MarketBeat,Piper Jaffray Companies Lowers Apple Q2 2019 Earnings Estimates to 2 40 EPS Previously 3 04 AAPL AAPL,negative,177.35299999999998
2019-02-01,MarketBeat,KeyCorp Lowers Apple Q2 2019 Earnings Estimates to 2 45 EPS Previously 2 95 AAPL AAPL,negative,177.35299999999998
2019-02-01,MarketBeat,Jefferies Financial Group Lowers Apple Q2 2019 Earnings Estimates to 2 40 EPS Previously 2 73 AAPL AAPL,negative,177.35299999999998
2019-02-01,Nancy Giese,RT FridayFeeling ContestAlert giveaway contest sweeps win AI apple appleNews AppleEvent AAPL,positive,177.35299999999998
2019-02-01,Nancy Giese,RT FridayFeeling Giveaway win contest ContestAlert Apple appleNews appleEvent AAPL LetsGoOilers,positive,177.35299999999998
2019-02-01,Dan Parks,Apple iOS 12 1 4 Release It s A Big One aapl smhq,neutral,177.35299999999998
2019-02-01,ElliottWaves,All 78 instruments 1 hour charts are updated for members viewing Indices Stocks ETF s,neutral,177.35299999999998
2019-02-01,Christophe Louvion,Watching who is going to reclaim a 1T market cap is better than any March Madness season goog amzn aapl msft,positive,177.35299999999998
2019-02-01,MarketBeat,Facebook says Apple is restoring a key developer tool AAPL AAPL Technology Socialmedia Onlinemedia,neutral,177.35299999999998
2019-02-01,MarketBeat,Facebook says Apple is restoring a key developer tool AAPL AAPL Technology Socialmedia Onlinemedia,neutral,177.35299999999998
2019-02-01,Naresh Nambisan 🇮🇳,Technicalanalysis rockz GE gave 60 AAPL gave 17 If u observed in both cases Good news came after TA identi,positive,177.35299999999998
2019-02-01,SWIFT Unlock SWIFTUNLOCK.COM |#1 USA Direct Source,Check January 31 2019 at 09 15PM Still Looking for ALPHA Make 10 in BitCoin roku,neutral,177.35299999999998
2019-02-01,MarketBeat,The Latest Apple axes Google access to key developer tool AAPL AAPL Technology Socialmedia Onlinemedia,positive,177.35299999999998
2019-02-01,MarketBeat,The Latest Apple axes Google access to key developer tool AAPL AAPL Technology Socialmedia Onlinemedia,positive,177.35299999999998
2019-02-01,David Garrity,The conflict between AAPL amp FB over DataUse amp Privacy is of primary importance here while the tac,positive,177.35299999999998
2019-02-01,Eso,Oh to be young again ACB AAPL,positive,177.35299999999998
2019-01-31,Fred Jones-West,Nintendo s Next Mobile Game Will Be Dr Mario World Developed in Partnership With LINE AAPL,negative,177.571
2019-01-31,Commodities Trips,RT All 78 instruments 4 hour charts are updated for members viewing Indices Stocks ETF s Comm,neutral,177.571
2019-01-31,ElliottWaves,All 78 instruments 4 hour charts are updated for members viewing Indices Stocks ETF s,neutral,177.571
2019-01-31,ElliottWaves,Group 3 Stocks amp ETF s 1 hour charts are updated for members viewing ElliottWave BTC AAPL XOM BAC AMZN,neutral,177.571
2019-01-31,Fred Jones-West,Five of the Best Email Apps on iOS AAPL,positive,177.571
2019-01-31,MarketBeat,Facebook says Apple its restoring key developer tool AAPL AAPL Technology Socialmedia Onlinemedia,neutral,177.571
2019-01-31,MarketBeat,Facebook says Apple its restoring key developer tool AAPL AAPL Technology Socialmedia Onlinemedia,neutral,177.571
2019-01-31,Precision Capital Investments Group,had a nice run beat er AAPL chart,positive,177.571
2019-01-31,David Garrity,Read this AAPL responded by cutting off FB s access to apps amp updates that it was working on int,negative,177.571
2019-01-31,Daniel Vassallo,AMZN posts a 10B profit for 2018 and a 4 3 net margin on 232B sales To reach AAPL s valuation of 13 5 P E,neutral,177.571
2019-01-31,Apple Stock Bot,Apple Inc price at close 2019 01 31 is 166 44 apple AAPL,neutral,177.571
2019-01-31,Eric Homan,Did ok on AAPL Straddle but had Puts as well as chalk that up to a learning moment to leg into the contracts next,positive,177.571
2019-01-31,Fred Jones-West,Apple Shuts Down All of Google s Internal Apps for Abusing Enterprise Certificate AAPL,negative,177.571
2019-01-31,Rob Aitken,The demise of AAPL has been greatly exaggerated timestamp,negative,177.571
2019-01-31,Fred Jones-West,Questionable Rumor Suggests iOS 13 Will Drop Compatibility for iPhone 5s Through iPhone 6s AAPL,negative,177.571
2019-01-31,Cydonia Capital Management,RT How can a mediocre to cheap crap Apple be even worth 1 00 billion AAPL,negative,177.571
2019-01-31,Caesar Flickerman,RT How can a mediocre to cheap crap Apple be even worth 1 00 billion AAPL,negative,177.571
2019-01-31,Andreas Cseh,How can a mediocre to cheap crap Apple be even worth 1 00 billion AAPL,negative,177.571
2019-01-31,Jason Dotson,RT BEMG Shes ready L2 looks prime hits coming in Something big must be coming Options Stocks Money FOMC Puts Cal,positive,177.571
2019-01-31,Opticonica,RT BEMG Shes ready L2 looks prime hits coming in Something big must be coming Options Stocks Money FOMC Puts Cal,positive,177.571
2019-01-31,Invenit History,RT Strong Earnings are lifting markets Giant companies such as IBM and PG both DJ30 components had a positive impact on t,positive,177.571
2019-01-31,Real-Time Trading Ideas,I have a Sell Signal on Tesla TSLA heading into Power Hour For a chart amp explanation please visit,neutral,177.571
2019-01-31,Fred Jones-West,One Drop Glucose Monitor Gains Personal Diabetes Assistant and Health Records Integration AAPL,neutral,177.571
2019-01-31,AppleWand,RT From corn to Apple The cases behind the US China standoff AAPL AAPL Computerhardwaremanufacturing Informationtechn,negative,177.571
2019-01-31,MarketBeat,From corn to Apple The cases behind the US China standoff AAPL AAPL Computerhardwaremanufacturing,negative,177.571
2019-01-31,MarketBeat,From corn to Apple The cases behind the US China standoff AAPL AAPL Computerhardwaremanufacturing,negative,177.571
2019-01-31,Diogo Q Andrade,RT Apple plans 3D cameras for augmented reality in 2020 iPhone JOVRNALISM AR ARind ARtech journa,neutral,177.571
2019-01-31,Fred Jones-West,Apple s iOS 12 1 4 Update to Fix FaceTime Eavesdropping Bug Showing Up in Analytics AAPL,neutral,177.571
2019-01-31,Fred Jones-West,Divinity Original Sin 2 Definitive Edition Now Available on Mac AAPL,positive,177.571
2019-01-31,JOVRNALISM by Saleem Khan,Apple plans 3D cameras for augmented reality in 2020 iPhone JOVRNALISM AR ARind ARtech,neutral,177.571
2019-01-31,Fred Jones-West,Qualcomm Demands German Court Fine Apple for Continuing to Sell iPhones After Ban AAPL,positive,177.571
2019-01-31,Fred Jones-West,Puma Debuts 330 iPhone Connected Self Lacing Sneakers to Compete With Nike AAPL,neutral,177.571
2019-01-31,Fred Jones-West,Canadian Law Firm Applies for Class Action Lawsuit Over FaceTime Bug AAPL,negative,177.571
2019-01-31,John Taylor,Dow Jones posed for a 50 60 crash soon Crash by Feb 19 2019,neutral,177.571
2019-01-31,CryptHawk,AAPL BATS NASDAQ Keep that long going from 150 target is still the same 0 382 at 177 178 and a potential,negative,177.571
2019-01-31,Fred Jones-West,Apple Shipped 14 5M iPads in Holiday Quarter According to Strategy Analytics AAPL,neutral,177.571
2019-01-31,Zack Carpinello,RT We will be able to take 3D pictures on Apple devices very soon AAPL Apple Iphone Market Tech,positive,177.571
2019-01-31,Mashable Middle East,Apple plans to launch iPhones with a more powerful laser based 3D camera as soon as 2020 AAPL,positive,177.571
2019-01-31,ZMark,RT AAPL released a detailed update in its negative pre announcement in early January and that has been followed by,positive,177.571
2019-01-31,Wolf,Stopped right at the gap AAPL chart,positive,177.571
2019-01-31,Fred Jones-West,iPhone SE Makes Third Appearance on Apple s Clearance Store at 249 Act Fast AAPL,positive,177.571
2019-01-31,CryptoVirgil,Imagine not getting on on AAPL AAPL for a 10 gain through our algorithm Works just as well on Legacy markets as,neutral,177.571
2019-01-31,Meghdad,aapl barely has any red candle on 5 min chart wow tsla short seller are quiting nice amd too risky but it could go higher or lower,positive,177.571
2019-01-31,Meghdad,Sold my aapl amd calls for this week early but got already next week calls for tsla and aapl,positive,177.571
2019-01-31,Fred Jones-West,Criterion Collection Launching 11 Month Streaming Service in April Coming to tvOS and iOS AAPL,neutral,177.571
2019-01-31,nete bab,FED 2018 December and 2019 January,neutral,177.571
2019-01-31,Fred Jones-West,FuboTV Rolls Out Apple TV App Integration AAPL,neutral,177.571
2019-01-31,Amenity Analytics,AAPL released a detailed update in its negative pre announcement in early January and that has been fol,positive,177.571
2019-01-31,Fred Jones-West,Hulu s New Pause Ad Experience Coming Q2 2019 Will Not Play Audio Video Every Time You Pause AAPL,positive,177.571
2019-01-31,HotHardware,Apple Cripples Facebook Dev Ops In Policy Violation PowerPlay Who s Next via AAPL FB ItsON,neutral,177.571
2019-01-31,WarmaneTrade,AAPL APPLE AAPLUSD BATS H4 TRADING TARGET,neutral,177.571
2019-01-31,Zack Clayton,We will be able to take 3D pictures on Apple devices very soon AAPL Apple Iphone Market Tech,positive,177.571
2019-01-31,Zack Carpinello,We will be able to take 3D pictures on Apple devices very soon AAPL Apple Iphone Market Tech,positive,177.571
2019-01-31,Fred Jones-West,UltraViolet Digital Movie Locker Service Will Close on July 31 2019 AAPL,neutral,177.571
2019-01-31,Brodmann,LTNC Nice hits coming in on a 0001 lotto Options Stocks Money FOMC Puts Calls AAPL SPY CGC APHA ACB,positive,177.571
2019-01-31,Fred Jones-West,Intel Names Robert Swan CEO Following Reports That Apple s Johny Srouji Was a Candidate AAPL,neutral,177.571
2019-01-31,Fred Jones-West,Compal Expected to Assemble iPad Mini 5 Launching Later in 2019 AAPL,negative,177.571
2019-01-31,MarketBeat,KeyCorp Lowers Apple Q4 2019 Earnings Estimates to 2 65 EPS Previously 2 99 AAPL AAPL,negative,177.571
2019-01-31,I Know First,Apple Stock Forecast Why Apple Will Release A New Mac Mini This Year Read the Full Article Here,positive,177.571
2019-01-31,Jonny Oates ⭐️⭐️⭐️,RT Re the DOW NYSE NASDAQ GE AAPL AMZN,neutral,177.571
2019-01-31,Jonny Oates ⭐️⭐️⭐️,RT Re the DOW NYSE NASDAQ GE AAPL AMZN,neutral,177.571
2019-01-31,MarketBeat,Oppenheimer Lowers Apple Q2 2019 Earnings Estimates to 2 38 EPS Previously 2 57 AAPL AAPL,negative,177.571
2019-01-31,MarketBeat,Wedbush Lowers Apple Q3 2019 Earnings Estimates to 2 19 EPS Previously 2 38 AAPL AAPL,negative,177.571
2019-01-31,MarketBeat,Piper Jaffray Companies Lowers Apple Q3 2019 Earnings Estimates to 2 32 EPS Previously 2 51 AAPL AAPL,negative,177.571
2019-01-31,Ron Giese,RT ThursdayThoughts Giveaway win contest ContestAlert Apple appleNews appleEvent AAPL LetsGoOilers,positive,177.571
2019-01-31,Ron Giese,RT ThursdayThoughts ContestAlert giveaway contest sweeps win AI apple appleNews AppleEvent AAPL iDrop N,positive,177.571
2019-01-31,Ron Giese,RT ThursdayThoughts ContestAlert giveaway contest sweeps win AI apple appleNews AppleEvent AAPL,positive,177.571
2019-01-31,SLpassesEntry,Re the DOW NYSE NASDAQ GE AAPL AMZN,neutral,177.571
2019-01-31,Elliott Wave Daud,gt Access regularly updated charts and Trading setups in various Stocks and ETFs with a F,neutral,177.571
2019-01-31,Elliottwave Forecast,gt Access regularly updated charts and Trading setups in various Stocks and ETFs with a F,neutral,177.571
2019-01-31,Pruthvi Raj,Future generations suffering with infectious diseases save children and protect them from harmful,neutral,177.571
2019-01-31,prahlad401,RT Apple has a no phone no services policy Someone alert the FTC ftc ftcqcom qcom fb v msft qualcomm AAPL tsla,neutral,177.571
2019-01-31,Fred Jones-West,Rome Total War iOS Update Brings New Playable Factions and Game Features AAPL,negative,177.571
2019-01-31,Juice,You break it down to different channelss The Board of Directore past present gave us cancer Add that movie scrip,negative,177.571
2019-01-31,David Garrity,Let s see how well FB deals with prospect of being shut out of AAPL AppStore It s AAPL s world FB,neutral,177.571
2019-01-31,Dennis,just one month later apple AAPL stockstowatch stocks trade trading Trader tradingiseasy,neutral,177.571
2019-01-31,Fred Jones-West,Nintendo Delays Launch of Mario Kart Tour Mobile Game Until Summer AAPL,negative,177.571
2019-01-31,Wild Goose,The U in USB obviously standing for Unusable by people idiot enough to continue to be ripped off,negative,177.571
2019-01-31,Live Trading News,The Street s Key Stock Analysts Research Reports FOLD AAPL CCL CEIN CXO,neutral,177.571
2019-01-31,FJ,Warning again China slow down is chronic this time amp any limited trade deal along w stimulus frm the Chinese govt,negative,177.571
2019-01-31,Derrick Price,CapSF You see the huge gap up in AAPL yesterday I had to close out my options early because they had already,positive,177.571
2019-01-31,Aman Kabir,RT Dow Jones on the way down look for strong support resistance levels at 24 717 20 410 and 17 747,positive,177.571
2019-01-31,stckmkts,APPLE MONTHLY HAMMER AT MULTI YEAR TREND SUPPORT FED NASDAQ AAPL chart,neutral,177.571
2019-01-31,The Art of Chart,RT The Big Five FAANG Stock and Sector Service is now posted for Wednesday,neutral,177.571
2019-01-31,Boss,Claimed 50 MA AAPL chart,neutral,177.571
2019-01-31,Ol_crow,RT BEMG Shes ready L2 looks prime hits coming in Something big must be coming Options Stocks Money FOMC Puts Cal,positive,177.571
2019-01-31,Stan N,The Big Five FAANG Stock and Sector Service is now posted for Wednesday,neutral,177.571
2019-01-31,Rob Smith,I could definitely see AAPL doing a Prime style rundle It would make total sense for Apple s future growth,neutral,177.571
2019-01-31,Michael Alonza Prentice Ware,Good day OptionsTrading Stocks AAPL SPY,positive,177.571
2019-01-31,Trading Signal,Signals AAPL Daily AAPL apple tradingsignal balance,neutral,177.571
2019-01-31,FirstToMarkets,Apple Inc Reiterated Rating by UBS Ranked 6th to Buy with 185PT AAPL AAPL,neutral,177.571
2019-01-31,FirstToMarkets,Apple Inc Reiterated Rating by Bank of America Ranked 45th to Neutral with 180PT AAPL AAPL,neutral,177.571
2019-01-31,SWIFT Unlock SWIFTUNLOCK.COM |#1 USA Direct Source,Check January 30 2019 at 09 15PM Still Looking for ALPHA Make 10 in BitCoin roku,neutral,177.571
